{
    "name": "root",
    "gauges": {
        "Drone.Policy.Entropy.mean": {
            "value": 0.9952348470687866,
            "min": 0.9470837712287903,
            "max": 1.5743427276611328,
            "count": 420
        },
        "Drone.Environment.LessonNumber.difficulty_level.mean": {
            "value": 2.0,
            "min": 2.0,
            "max": 2.0,
            "count": 420
        },
        "Drone.Environment.EpisodeLength.mean": {
            "value": 87.03097345132744,
            "min": 61.77777777777778,
            "max": 154.6771653543307,
            "count": 420
        },
        "Drone.Policy.ExtrinsicValueEstimate.mean": {
            "value": 1.109075665473938,
            "min": 0.08221384882926941,
            "max": 1.1352018117904663,
            "count": 420
        },
        "Drone.Environment.CumulativeReward.mean": {
            "value": 1.711670378799987,
            "min": -0.08589802107675687,
            "max": 1.7634821731563923,
            "count": 420
        },
        "Drone.Policy.ExtrinsicReward.mean": {
            "value": 1.711670378799987,
            "min": -0.08589802107675687,
            "max": 1.7634821731563923,
            "count": 420
        },
        "Drone.IsTraining.mean": {
            "value": 1.0,
            "min": 1.0,
            "max": 1.0,
            "count": 420
        },
        "Drone.Losses.ValueLoss.mean": {
            "value": 0.029350895434617996,
            "min": 0.018856247887015343,
            "max": 0.07138893753290176,
            "count": 419
        },
        "Drone.Losses.PolicyLoss.mean": {
            "value": 0.05124104022979736,
            "min": 0.041973214596509933,
            "max": 0.05675383284687996,
            "count": 419
        },
        "Drone.Policy.LearningRate.mean": {
            "value": 2.680973238966544e-07,
            "min": 2.680973238966544e-07,
            "max": 0.000167324862559326,
            "count": 419
        },
        "Drone.Policy.Epsilon.mean": {
            "value": 0.10008935630321503,
            "min": 0.10008935630321503,
            "max": 0.15577495098114014,
            "count": 419
        },
        "Drone.Policy.Beta.mean": {
            "value": 1.4457689758273773e-05,
            "min": 1.4457689758273773e-05,
            "max": 0.0027931691147387028,
            "count": 419
        }
    },
    "metadata": {
        "timer_format_version": "0.1.0",
        "start_time_seconds": "1602590150",
        "python_version": "3.7.4 (default, Aug  9 2019, 18:34:13) [MSC v.1915 64 bit (AMD64)]",
        "command_line_arguments": "F:\\Anaconda3\\Scripts\\mlagents-learn curriculum.yaml --run-id=DroneAI_13 --resume",
        "mlagents_version": "0.20.0",
        "mlagents_envs_version": "0.20.0",
        "communication_protocol_version": "1.1.0",
        "tensorflow_version": "2.3.1",
        "numpy_version": "1.17.4",
        "end_time_seconds": "1602596313"
    },
    "total": 6163.4818224,
    "count": 1,
    "self": 0.39725149999958376,
    "children": {
        "run_training.setup": {
            "total": 0.006717000000000084,
            "count": 1,
            "self": 0.006717000000000084
        },
        "TrainerController.start_learning": {
            "total": 6163.0778539,
            "count": 1,
            "self": 11.85888729985163,
            "children": {
                "TrainerController._reset_env": {
                    "total": 9.723638600000001,
                    "count": 1,
                    "self": 9.723638600000001
                },
                "TrainerController.advance": {
                    "total": 6141.217775700148,
                    "count": 396677,
                    "self": 9.72173000015755,
                    "children": {
                        "env_step": {
                            "total": 6131.496045699991,
                            "count": 396677,
                            "self": 5357.059730900204,
                            "children": {
                                "SubprocessEnvManager._take_step": {
                                    "total": 769.817211900003,
                                    "count": 396677,
                                    "self": 12.055169600016598,
                                    "children": {
                                        "TFPolicy.evaluate": {
                                            "total": 757.7620422999864,
                                            "count": 335330,
                                            "self": 757.7620422999864
                                        }
                                    }
                                },
                                "workers": {
                                    "total": 4.619102899783108,
                                    "count": 396677,
                                    "self": 0.0,
                                    "children": {
                                        "worker_root": {
                                            "total": 6144.277062199964,
                                            "count": 396677,
                                            "is_parallel": true,
                                            "self": 1587.4456097997954,
                                            "children": {
                                                "steps_from_proto": {
                                                    "total": 0.0017243000000011222,
                                                    "count": 1,
                                                    "is_parallel": true,
                                                    "self": 0.0002195000000000391,
                                                    "children": {
                                                        "_process_vector_observation": {
                                                            "total": 0.001504800000001083,
                                                            "count": 12,
                                                            "is_parallel": true,
                                                            "self": 0.001504800000001083
                                                        }
                                                    }
                                                },
                                                "UnityEnvironment.step": {
                                                    "total": 4556.829728100169,
                                                    "count": 396677,
                                                    "is_parallel": true,
                                                    "self": 146.669166100216,
                                                    "children": {
                                                        "UnityEnvironment._generate_step_input": {
                                                            "total": 61.87269349998341,
                                                            "count": 396677,
                                                            "is_parallel": true,
                                                            "self": 61.87269349998341
                                                        },
                                                        "communicator.exchange": {
                                                            "total": 3754.3323897000305,
                                                            "count": 396677,
                                                            "is_parallel": true,
                                                            "self": 3754.3323897000305
                                                        },
                                                        "steps_from_proto": {
                                                            "total": 593.9554787999389,