{
    "name": "root",
    "gauges": {
        "Drone.Policy.Entropy.mean": {
            "value": 0.8329472541809082,
            "min": 0.7651706337928772,
            "max": 2.845855951309204,
            "count": 254
        },
        "Drone.Environment.EpisodeLength.mean": {
            "value": 78.14285714285714,
            "min": 74.82824427480917,
            "max": 396.3703703703704,
            "count": 254
        },
        "Drone.Policy.ExtrinsicValueEstimate.mean": {
            "value": 0.9310059547424316,
            "min": -0.6700324416160583,
            "max": 0.9823023676872253,
            "count": 254
        },
        "Drone.Environment.CumulativeReward.mean": {
            "value": 1.3371836659251428,
            "min": -2.1763702499402036,
            "max": 1.4285551196268755,
            "count": 254
        },
        "Drone.Policy.ExtrinsicReward.mean": {
            "value": 1.3371836659251428,
            "min": -2.1763702499402036,
            "max": 1.4285551196268755,
            "count": 254
        },
        "Drone.Losses.ValueLoss.mean": {
            "value": 0.04363663122057915,
            "min": 0.0010909156408160925,
            "max": 0.10440748184919357,
            "count": 254
        },
        "Drone.Losses.PolicyLoss.mean": {
            "value": 0.07054020464420319,
            "min": 0.06157064437866211,
            "max": 0.0810021311044693,
            "count": 254
        },
        "Drone.Policy.LearningRate.mean": {
            "value": 0.00022395650739781559,
            "min": 0.00022395650739781559,
            "max": 0.0002998358686454594,
            "count": 254
        },
        "Drone.Policy.Epsilon.mean": {
            "value": 0.17465215921401978,
            "min": 0.17465215921401978,
            "max": 0.19994528591632843,
            "count": 254
        },
        "Drone.Policy.Beta.mean": {
            "value": 0.003735142294317484,
            "min": 0.003735142294317484,
            "max": 0.004997269716113806,
            "count": 254
        },
        "Drone.IsTraining.mean": {
            "value": 1.0,
            "min": 1.0,
            "max": 1.0,
            "count": 254
        }
    },
    "metadata": {
        "timer_format_version": "0.1.0",
        "start_time_seconds": "1602223348",
        "python_version": "3.7.4 (default, Aug  9 2019, 18:34:13) [MSC v.1915 64 bit (AMD64)]",
        "command_line_arguments": "F:\\Anaconda3\\Scripts\\mlagents-learn trainer_config.yaml --run-id=DroneAI_7",
        "mlagents_version": "0.20.0",
        "mlagents_envs_version": "0.20.0",
        "communication_protocol_version": "1.1.0",
        "tensorflow_version": "2.3.1",
        "numpy_version": "1.17.4",
        "end_time_seconds": "1602228042"
    },
    "total": 4694.506258300001,
    "count": 1,
    "self": 0.04067460000078427,
    "children": {
        "run_training.setup": {
            "total": 0.00686159999999969,
            "count": 1,
            "self": 0.00686159999999969
        },
        "TrainerController.start_learning": {
            "total": 4694.4587221,
            "count": 1,
            "self": 8.690972600068562,
            "children": {
                "TrainerController._reset_env": {
                    "total": 50.191391800000005,
                    "count": 1,
                    "self": 50.191391800000005
                },
                "TrainerController.advance": {
                    "total": 4635.251161199932,
                    "count": 366860,
                    "self": 4.547788800010494,
                    "children": {
                        "env_step": {
                            "total": 4630.703372399921,
                            "count": 366860,
                            "self": 3897.755092000133,
                            "children": {
                                "SubprocessEnvManager._take_step": {
                                    "total": 728.8309230998658,
                                    "count": 366860,
                                    "self": 10.349663799906011,
                                    "children": {
                                        "TFPolicy.evaluate": {
                                            "total": 718.4812592999598,
                                            "count": 338987,
                                            "self": 718.4812592999598
                                        }
                                    }
                                },
                                "workers": {
                                    "total": 4.117357299922297,
                                    "count": 366859,
                                    "self": 0.0,
                                    "children": {
                                        "worker_root": {
                                            "total": 4636.3521121998565,
                                            "count": 366859,
                                            "is_parallel": true,
                                            "self": 1303.7844484998818,
                                            "children": {
                                                "steps_from_proto": {
                                                    "total": 0.001236800000000926,
                                                    "count": 1,
                                                    "is_parallel": true,
                                                    "self": 0.00020189999999331576,
                                                    "children": {
                                                        "_process_vector_observation": {
                                                            "total": 0.0010349000000076103,
                                                            "count": 12,
                                                            "is_parallel": true,
                                                            "self": 0.0010349000000076103
                                                        }
                                                    }
                                                },
                                                "UnityEnvironment.step": {
                                                    "total": 3332.566426899975,
                                                    "count": 366859,
                                                    "is_parallel": true,
                                                    "self": 96.0771993999283,
                                                    "children": {
                                                        "UnityEnvironment._generate_step_input": {
                                                            "total": 43.16588979992354,
                                                            "count": 366859,
                                                            "is_parallel": true,
                                                            "self": 43.16588979992354
                                                        },
                                                        "communicator.exchange": {
                                                            "total": 2764.7671331000665,
                                                            "count": 366859,
                                                            "is_parallel": true,
                                                            "self": 2764.7671331000665
                                                        },
                                                        "steps_from_proto": {
                                                            "total": 428.5562046000564,
                                                            "count": 366859,
                                                            "is_parallel": true,